Delta,Time,CPU_FREQUENCY_0,CPU_FREQUENCY_1,CPU_FREQUENCY_10,CPU_FREQUENCY_11,CPU_FREQUENCY_2,CPU_FREQUENCY_3,CPU_FREQUENCY_4,CPU_FREQUENCY_5,CPU_FREQUENCY_6,CPU_FREQUENCY_7,CPU_FREQUENCY_8,CPU_FREQUENCY_9,CPU_USAGE_0,CPU_USAGE_1,CPU_USAGE_10,CPU_USAGE_11,CPU_USAGE_2,CPU_USAGE_3,CPU_USAGE_4,CPU_USAGE_5,CPU_USAGE_6,CPU_USAGE_7,CPU_USAGE_8,CPU_USAGE_9,DRAM_ENERGY (J),PACKAGE_ENERGY (J),PP0_ENERGY (J),PP1_ENERGY (J),TOTAL_MEMORY,TOTAL_SWAP,USED_MEMORY,USED_SWAP
0,1759429805221,4402,800,4301,3499,4301,4400,4359,4395,4398,4307,800,3202,3.5714287757873535,3.5714287757873535,3.5714287757873535,6.896551609039307,3.5714287757873535,6.896551609039307,10,3.5714287757873535,13.793103218078613,3.5714287757873535,6.896551609039307,6.896551609039307,37320.38366699219,120509.82189941406,80727.84399414063,4224.371398925781,33403068416,8589930496,5730426880,0
200,1759429805222,4402,800,4301,3499,4301,4400,4359,4395,4398,4307,800,3202,3.5714287757873535,3.5714287757873535,3.5714287757873535,6.896551609039307,3.5714287757873535,6.896551609039307,10,3.5714287757873535,13.793103218078613,3.5714287757873535,6.896551609039307,6.896551609039307,37320.38366699219,120509.82189941406,80727.84637451172,4224.371398925781,33403068416,8589930496,5730426880,0
200,1759429805422,4402,800,4301,3499,4301,4400,4359,4395,4398,4307,800,3202,0,0,0,25,0,0,36.842105865478516,15.000000953674316,40,30.000001907348633,0,100,37320.708923339844,120517.42138671875,80735.16790771484,4224.371398925781,33403068416,8589930496,5791371264,0
200,1759429805622,4402,800,4301,3499,4301,4400,4359,4395,4398,4307,800,3202,0,0,0,100,13.636363983154297,0,10,31.57894515991211,100,100,0,95.23809814453125,37321.21905517578,120529.8716430664,80747.2308959961,4224.375671386719,33403068416,8589930496,5862273024,0
200,1759429805822,4402,800,4301,3499,4301,4400,4359,4395,4398,4307,800,3202,5,0,4.761904716491699,100,0,0,40,4.761904716491699,100,100,0,100,37321.80694580078,120542.25274658203,80759.18566894531,4224.375671386719,33403068416,8589930496,5890158592,0
200,1759429806022,4402,800,4301,3499,4301,4400,4359,4395,4398,4307,800,3202,10.526315689086914,0,100,70,26.3157901763916,4.761904716491699,23.809524536132813,10,85.71428680419922,95.23809814453125,5,65,37322.3857421875,120554.55187988281,80770.99200439453,4224.3995361328125,33403068416,8589930496,5931417600,0
200,1759429806222,4402,800,4301,3499,4301,4400,4359,4395,4398,4307,800,3202,15.000000953674316,9.523809432983398,100,47.619049072265625,50,21.052631378173828,5,45,95,90,0,95,37322.961669921875,120568.11297607422,80784.13635253906,4224.4041748046875,33403068416,8589930496,5991337984,0
200,1759429806422,4402,800,4301,3499,4301,4400,4359,4395,4398,4307,800,3202,0,0,100,100,50,90,15.789472579956055,0,100,0,0,0,37323.573974609375,120580.30334472656,80795.89154052734,4224.4041748046875,33403068416,8589930496,6001459200,0
200,1759429806622,4402,800,4301,3499,4301,4400,4359,4395,4398,4307,800,3202,0,0,100,90,30.000001907348633,95,0,0,95,5,0,0,37324.171447753906,120592.31475830078,80807.4853515625,4224.4041748046875,33403068416,8589930496,6008455168,0
200,1759429806822,4402,800,4301,3499,4301,4400,4359,4395,4398,4307,800,3202,45,0,100,100,5,52.6315803527832,0,0,55,25,0,50,37324.82208251953,120604.19494628906,80818.91064453125,4224.415222167969,33403068416,8589930496,6041251840,0
200,1759429807022,4402,800,4301,3499,4301,4400,4359,4395,4398,4307,800,3202,90,0,100,90,33.333335876464844,0,5,0,0,5,0,100,37325.42822265625,120615.93310546875,80830.22021484375,4224.426025390625,33403068416,8589930496,6080962560,0
200,1759429807222,4402,800,4301,3499,4301,4400,4359,4395,4398,4307,800,3202,100,0,95.23809814453125,100,30.000001907348633,10,0,0,0,0,4.761904716491699,100,37326.02764892578,120628.11114501953,80841.9712524414,4224.426025390625,33403068416,8589930496,6121312256,0
199,1759429807422,4402,800,4301,3499,4301,4400,4359,4395,4398,4307,800,3202,90,0,100,80,10.526315689086914,4.761904716491699,5,0,0,10,4.761904716491699,100,37326.64483642578,120639.21459960938,80852.60620117188,4224.460021972656,33403068416,8589930496,6162657280,0
199,1759429807622,4402,800,4301,3499,4301,4400,4359,4395,4398,4307,800,3202,100,10,100,100,25,5,10,5,0,5,0,95,37327.29766845703,120650.94305419922,80863.87756347656,4224.466796875,33403068416,8589930496,6205059072,0
200,1759429807823,4402,800,4301,3499,4301,4400,4359,4395,4398,4307,800,3202,100,0,100,100,5,0,0,0,0,15.000000953674316,0,100,37327.92364501953,120662.53723144531,80875.02270507813,4224.4852294921875,33403068416,8589930496,6216007680,0
200,1759429808023,4402,800,4301,3499,4301,4400,4359,4395,4398,4307,800,3202,100,0,100,100,5,0,5,0,0,5.263157844543457,4.761904716491699,100,37328.532775878906,120674.07354736328,80886.10412597656,4224.507995605469,33403068416,8589930496,6225874944,0
200,1759429808223,4402,800,4301,3499,4301,4400,4359,4395,4398,4307,800,3202,100,0,100,95,0,0,0,0,0,10,0,100,37329.19708251953,120685.63586425781,80897.20086669922,4224.52001953125,33403068416,8589930496,6235754496,0
200,1759429808423,4402,800,4301,3499,4301,4400,4359,4395,4398,4307,800,3202,100,0,100,100,0,0,0,0,0,15.000000953674316,0,95,37329.74951171875,120697.16174316406,80908.27111816406,4224.52001953125,33403068416,8589930496,6244675584,0
200,1759429808623,4402,800,4301,3499,4301,4400,4359,4395,4398,4307,800,3202,60.000003814697266,5.263157844543457,100,85,25,9.523809432983398,9.523809432983398,0,9.523809432983398,28.571430206298828,0,84.21052551269531,37330.25811767578,120708.05517578125,80918.77221679688,4224.523864746094,33403068416,8589930496,6253780992,0
200,1759429808823,4402,800,4301,3499,4301,4400,4359,4395,4398,4307,800,3202,0,4.761904716491699,95.23809814453125,25,55,0,0,20,0,15.000000953674316,4.761904716491699,45,37330.69274902344,120715.4458618164,80925.79461669922,4224.535949707031,33403068416,8589930496,6257369088,0
200,1759429809023,4402,800,4301,3499,4301,4400,4359,4395,4398,4307,800,3202,0,0,100,100,100,0,4.761904716491699,5,0,20,0,100,37331.3134765625,120724.38665771484,80934.28930664063,4224.5457763671875,33403068416,8589930496,6262587392,0
200,1759429809223,4402,800,4301,3499,4301,4400,4359,4395,4398,4307,800,3202,0,55,100,100,5,0,0,0,4.761904716491699,65,0,100,37331.88049316406,120734.2066040039,80943.69134521484,4224.551696777344,33403068416,8589930496,6270959616,0
200,1759429809423,4402,800,4301,3499,4301,4400,4359,4395,4398,4307,800,3202,0,0,100,95,21.052631378173828,5,0,5.263157844543457,0,100,0,100,37332.51550292969,120745.67266845703,80954.72583007813,4224.551696777344,33403068416,8589930496,6271512576,0
200,1759429809623,4402,800,4301,3499,4301,4400,4359,4395,4398,4307,800,3202,4.761904716491699,0,100,0,15.000000953674316,5,0,95.23809814453125,0,95.23809814453125,0,100,37333.13641357422,120756.88250732422,80965.50085449219,4224.551696777344,33403068416,8589930496,6279585792,0
200,1759429809823,4402,800,4301,3499,4301,4400,4359,4395,4398,4307,800,3202,0,0,100,45,20,0,0,60.000003814697266,4.761904716491699,100,0,100,37333.76629638672,120768.79821777344,80976.97619628906,4224.562683105469,33403068416,8589930496,6279770112,0
200,1759429810023,4402,800,4301,3499,4301,4400,4359,4395,4398,4307,800,3202,0,0,40,100,9.523809432983398,0,0,0,5.263157844543457,95,0,85.71428680419922,37334.31024169922,120778.70446777344,80986.43505859375,4224.5809326171875,33403068416,8589930496,6272540672,0
200,1759429810224,4402,800,4301,3499,4301,4400,4359,4395,4398,4307,800,3202,0,0,0,28.571430206298828,0,0,0,0,0,0,0,0,37334.60333251953,120780.12921142578,80987.56787109375,4224.5809326171875,33403068416,8589930496,6272540672,0
200,1759429810424,4402,800,4301,3499,4301,4400,4359,4395,4398,4307,800,3202,0,0,0,0,0,0,0,0,0,0,4.761904716491699,0,37334.87225341797,120780.6044921875,80987.7886352539,4224.585266113281,33403068416,8589930496,6272540672,0
200,1759429810624,4402,800,4301,3499,4301,4400,4359,4395,4398,4307,800,3202,0,0,0,0,0,0,0,0,0,0,4.761904716491699,0,37335.13690185547,120781.02587890625,80987.9663696289,4224.585266113281,33403068416,8589930496,6272540672,0
200,1759429810824,4402,800,4301,3499,4301,4400,4359,4395,4398,4307,800,3202,0,0,0,0,0,0,0,0,0,0,0,0,37335.40563964844,120781.43487548828,80988.12829589844,4224.585266113281,33403068416,8589930496,6272540672,0
200,1759429811025,4402,800,4301,3499,4301,4400,4359,4395,4398,4307,800,3202,0,0,0,0,0,0,0,0,0,0,0,0,37335.67547607422,120781.9408569336,80988.37707519531,4224.592346191406,33403068416,8589930496,6272540672,0
200,1759429811225,4402,800,4301,3499,4301,4400,4359,4395,4398,4307,800,3202,0,0,0,0,0,0,2.4390242099761963,2.4390242099761963,2.5,0,0,0,37335.93896484375,120782.2826538086,80988.4780883789,4224.592346191406,33403068416,8589930496,6272540672,0
200,1759429811425,4402,800,4301,3499,4301,4400,4359,4395,4398,4307,800,3202,0,0,0,0,0,0,0,0,0,0,0,0,37336.206298828125,120782.75549316406,80988.69927978516,4224.592346191406,33403068416,8589930496,6272536576,0
200,1759429811625,4402,800,4301,3499,4301,4400,4359,4395,4398,4307,800,3202,0,0,0,0,0,0,0,0,0,0,0,0,37336.473571777344,120783.10595703125,80988.79968261719,4224.595031738281,33403068416,8589930496,6265884672,0
200,1759429811825,4402,800,4301,3499,4301,4400,4359,4395,4398,4307,800,3202,0,0,0,0,0,0,2.4390242099761963,0,2.5641026496887207,0,0,0,37336.73956298828,120783.46350097656,80988.91680908203,4224.595031738281,33403068416,8589930496,6265884672,0
200,1759429812025,4402,800,4301,3499,4301,4400,4359,4395,4398,4307,800,3202,0,0,0,0,0,0,2.4390242099761963,0,2.5641026496887207,0,0,0,37337.009216308594,120783.93725585938,80989.13348388672,4224.598388671875,33403068416,8589930496,6265884672,0
199,1759429812226,4402,800,4301,3499,4301,4400,4359,4395,4398,4307,800,3202,0,2.4390242099761963,0,0,0,0,0,0,2.4390242099761963,0,0,0,37337.27575683594,120784.35638427734,80989.30108642578,4224.601623535156,33403068416,8589930496,6265884672,0
200,1759429812426,4402,800,4301,3499,4301,4400,4359,4395,4398,4307,800,3202,0,2.4390242099761963,0,0,0,0,0,0,2.4390242099761963,0,0,0,37337.55358886719,120784.86883544922,80989.53680419922,4224.601623535156,33403068416,8589930496,6265884672,0
200,1759429812626,4402,800,4301,3499,4301,4400,4359,4395,4398,4307,800,3202,5,0,0,0,2.5641026496887207,0,7.500000476837158,0,0,2.5,2.5,0,37337.8427734375,120785.29779052734,80989.68951416016,4224.601623535156,33403068416,8589930496,6264291328,0
200,1759429812826,4402,800,4301,3499,4301,4400,4359,4395,4398,4307,800,3202,5,0,0,0,2.5641026496887207,0,7.500000476837158,0,0,2.5,2.5,0,37338.12939453125,120786.04406738281,80990.15350341797,4224.6033935546875,33403068416,8589930496,6261088256,0
199,1759429813026,4402,800,4301,3499,4301,4400,4359,4395,4398,4307,800,3202,2.5,0,0,0,0,0,2.5641026496887207,0,2.6315789222717285,0,0,2.5,37338.405334472656,120786.42449951172,80990.27838134766,4224.605285644531,33403068416,8589930496,6261088256,0
199,1759429813226,4402,800,4301,3499,4301,4400,4359,4395,4398,4307,800,3202,0,0,0,0,5,0,9.523809432983398,0,5.263157844543457,5,5,0,37338.69323730469,120786.9208984375,80990.49603271484,4224.605285644531,33403068416,8589930496,6261088256,0
200,1759429813426,4402,800,4301,3499,4301,4400,4359,4395,4398,4307,800,3202,0,0,0,0,5,0,9.523809432983398,0,5.263157844543457,5,5,0,37338.98193359375,120787.76818847656,80991.0517578125,4224.6085205078125,33403068416,8589930496,6261088256,0
200,1759429813627,4402,800,4301,3499,4301,4400,4359,4395,4398,4307,800,3202,2.5,4.878048419952393,5,0,2.5641026496887207,0,2.5,2.5,0,2.5,0,0,37339.27978515625,120788.53491210938,80991.5269165039,4224.6085205078125,33403068416,8589930496,6261088256,0
199,1759429813827,4402,800,4301,3499,4301,4400,4359,4395,4398,4307,800,3202,0,0,5,0,4.761904716491699,0,0,5,0,5,0,0,37339.567626953125,120789.06726074219,80991.7816772461,4224.6085205078125,33403068416,8589930496,6261088256,0
200,1759429814027,4402,800,4301,3499,4301,4400,4359,4395,4398,4307,800,3202,0,0,5,0,4.761904716491699,0,0,5,0,5,0,0,37339.84533691406,120789.79071044922,80992.22137451172,4224.614929199219,33403068416,8589930496,6261088256,0
200,1759429814227,4402,800,4301,3499,4301,4400,4359,4395,4398,4307,800,3202,0,0,0,0,0,0,0,0,0,0,0,0,37340.116760253906,120790.15631103516,80992.33172607422,4224.614929199219,33403068416,8589930496,6261088256,0
200,1759429814427,4402,800,4301,3499,4301,4400,4359,4395,4398,4307,800,3202,0,5,0,0,0,0,0,0,0,0,4.761904716491699,0,37340.390625,120790.85137939453,80992.7651977539,4224.6185302734375,33403068416,8589930496,6260957184,0
199,1759429814628,4402,800,4301,3499,4301,4400,4359,4395,4398,4307,800,3202,0,0,4.761904716491699,0,0,0,0,0,0,0,0,0,37340.666015625,120791.24133300781,80992.88946533203,4224.621154785156,33403068416,8589930496,6260142080,0
199,1759429814828,4402,800,4301,3499,4301,4400,4359,4395,4398,4307,800,3202,0,0,0,0,0,0,0,4.761904716491699,0,5,0,0,37340.936584472656,120791.59100341797,80992.98278808594,4224.621154785156,33403068416,8589930496,6260142080,0
199,1759429815028,4402,800,4301,3499,4301,4400,4359,4395,4398,4307,800,3202,5,5,26.3157901763916,0,14.285715103149414,0,0,0,0,5,4.761904716491699,0,37341.237731933594,120792.05499267578,80993.12371826172,4224.647399902344,33403068416,8589930496,6260142080,0
199,1759429815228,4402,800,4301,3499,4301,4400,4359,4395,4398,4307,800,3202,5,5,26.3157901763916,0,14.285715103149414,0,0,0,0,5,4.761904716491699,0,37341.5234375,120792.44567871094,80993.23333740234,4224.654113769531,33403068416,8589930496,6260142080,0
200,1759429815428,4402,800,4301,3499,4301,4400,4359,4395,4398,4307,800,3202,0,0,9.523809432983398,0,0,0,0,0,0,5,0,0,37341.799743652344,120792.81958007813,80993.33966064453,4224.659912109375,33403068416,8589930496,6259634176,0
200,1759429815628,4402,800,4301,3499,4301,4400,4359,4395,4398,4307,800,3202,5,0,21.052631378173828,0,15.000000953674316,4.761904716491699,0,0,5.263157844543457,10,0,0,37342.10339355469,120793.47863769531,80993.65704345703,4224.696105957031,33403068416,8589930496,6259376128,0
199,1759429815829,4402,800,4301,3499,4301,4400,4359,4395,4398,4307,800,3202,0,0,0,0,0,0,0,5,0,5,0,0,37342.38458251953,120793.84350585938,80993.75512695313,4224.6978759765625,33403068416,8589930496,6259376128,0
200,1759429816029,4402,800,4301,3499,4301,4400,4359,4395,4398,4307,800,3202,5,0,15.789472579956055,5.263157844543457,0,0,0,4.761904716491699,5.263157844543457,5,0,0,37342.67999267578,120794.2670288086,80993.880859375,4224.711120605469,33403068416,8589930496,6259376128,0
199,1759429816229,4402,800,4301,3499,4301,4400,4359,4395,4398,4307,800,3202,0,5,5.263157844543457,5,0,0,0,0,0,5,0,0,37342.974182128906,120794.6646118164,80993.99865722656,4224.7130126953125,33403068416,8589930496,6259376128,0
199,1759429816429,4402,800,4301,3499,4301,4400,4359,4395,4398,4307,800,3202,0,9.523809432983398,15.000000953674316,9.523809432983398,0,4.761904716491699,0,0,0,0,0,0,37343.27362060547,120795.20184326172,80994.24035644531,4224.716369628906,33403068416,8589930496,6258368512,0
199,1759429816629,4402,800,4301,3499,4301,4400,4359,4395,4398,4307,800,3202,0,5.263157844543457,19.047618865966797,0,5,0,0,0,0,10,0,0,37343.57727050781,120795.62872314453,80994.37048339844,4224.720703125,33403068416,8589930496,6258368512,0
200,1759429816829,4402,800,4301,3499,4301,4400,4359,4395,4398,4307,800,3202,0,5.263157844543457,19.047618865966797,0,5,0,0,0,0,10,0,0,37344.017150878906,120797.57458496094,80995.82202148438,4224.842834472656,33403068416,8589930496,6262239232,0
200,1759429817029,4402,800,4301,3499,4301,4400,4359,4395,4398,4307,800,3202,15.000000953674316,35,5.128205299377441,7.500000476837158,2.4390242099761963,0,0,0,2.6315789222717285,10,2.5,0,37344.390197753906,120798.49102783203,80996.32116699219,4224.915954589844,33403068416,8589930496,6262239232,0
199,1759429817230,4402,800,4301,3499,4301,4400,4359,4395,4398,4307,800,3202,0,0,25,10,0,0,0,0,0,10.526315689086914,0,0,37344.695068359375,120798.96215820313,80996.47369384766,4224.936218261719,33403068416,8589930496,6262239232,0
200,1759429817430,4402,800,4301,3499,4301,4400,4359,4395,4398,4307,800,3202,5,0,0,0,0,0,0,4.761904716491699,0,5,0,0,37344.980712890625,120799.34948730469,80996.58337402344,4224.93798828125,33403068416,8589930496,6262120448,0
199,1759429817630,4402,800,4301,3499,4301,4400,4359,4395,4398,4307,800,3202,4.761904716491699,0,9.523809432983398,0,4.761904716491699,0,0,0,5.263157844543457,0,0,0,37345.26971435547,120800.3267211914,80997.25091552734,4224.9512939453125,33403068416,8589930496,6262185984,0
199,1759429817830,4402,800,4301,3499,4301,4400,4359,4395,4398,4307,800,3202,0,5,15.000000953674316,10,0,0,9.523809432983398,10,10.526315689086914,10,9.523809432983398,0,37345.572265625,120800.86437988281,80997.482421875,4224.9588623046875,33403068416,8589930496,6266687488,0
199,1759429818030,4402,800,4301,3499,4301,4400,4359,4395,4398,4307,800,3202,0,0,5.555555820465088,0,0,5,5,0,0,10,0,0,37345.86834716797,120801.4595336914,80997.7798461914,4224.967834472656,33403068416,8589930496,6266654720,0
199,1759429818230,4402,800,4301,3499,4301,4400,4359,4395,4398,4307,800,3202,4.761904716491699,0,5.263157844543457,0,0,0,0,5,0,5,0,0,37346.157775878906,120802.04370117188,80998.06921386719,4224.9735107421875,33403068416,8589930496,6266642432,0
199,1759429818430,4402,800,4301,3499,4301,4400,4359,4395,4398,4307,800,3202,0,0,9.090909004211426,4.761904716491699,0,0,0,0,0,5,4.761904716491699,0,37346.433349609375,120802.46154785156,80998.22485351563,4224.9735107421875,33403068416,8589930496,6266535936,0
200,1759429818630,4402,800,4301,3499,4301,4400,4359,4395,4398,4307,800,3202,0,0,0,5,0,0,0,15.000000953674316,0,0,5.263157844543457,0,37346.723388671875,120803.84552001953,80999.32684326172,4224.9735107421875,33403068416,8589930496,6273859584,0
200,1759429818831,4402,800,4301,3499,4301,4400,4359,4395,4398,4307,800,3202,10,4.761904716491699,0,0,4.761904716491699,0,0,0,5.263157844543457,9.523809432983398,14.285715103149414,0,37347.035888671875,120805.3890991211,81000.54357910156,4224.9974365234375,33403068416,8589930496,6300831744,0
200,1759429819031,4402,800,4301,3499,4301,4400,4359,4395,4398,4307,800,3202,0,0,10.526315689086914,0,0,9.523809432983398,5.263157844543457,0,0,10,25,0,37347.358154296875,120806.31372070313,81001.12951660156,4225.024353027344,33403068416,8589930496,6302638080,0
199,1759429819231,4402,800,4301,3499,4301,4400,4359,4395,4398,4307,800,3202,0,0,10.526315689086914,0,0,9.523809432983398,5.263157844543457,0,0,10,25,0,37347.650390625,120806.92138671875,81001.45080566406,4225.024353027344,33403068416,8589930496,6302638080,0
200,1759429819431,4402,800,4301,3499,4301,4400,4359,4395,4398,4307,800,3202,4.878048419952393,0,4.878048419952393,0,0,0,2.4390242099761963,0,2.5641026496887207,0,0,0,37347.925720214844,120807.31256103516,81001.58654785156,4225.024353027344,33403068416,8589930496,6302638080,0
199,1759429819631,4402,800,4301,3499,4301,4400,4359,4395,4398,4307,800,3202,0,0,0,0,0,0,0,0,0,4.761904716491699,0,0,37348.20104980469,120807.78369140625,81001.79846191406,4225.024353027344,33403068416,8589930496,6302240768,0
200,1759429819831,4402,800,4301,3499,4301,4400,4359,4395,4398,4307,800,3202,0,0,0,0,0,0,0,0,0,4.761904716491699,0,0,37348.477294921875,120808.171875,81001.93817138672,4225.024353027344,33403068416,8589930496,6302240768,0
199,1759429820032,4402,800,4301,3499,4301,4400,4359,4395,4398,4307,800,3202,0,0,0,2.4390242099761963,0,0,0,0,0,0,0,0,37348.757568359375,120808.73028564453,81002.22454833984,4225.029235839844,33403068416,8589930496,6302240768,0
199,1759429820232,4402,800,4301,3499,4301,4400,4359,4395,4398,4307,800,3202,0,5,4.761904716491699,0,0,0,0,0,5,0,4.761904716491699,0,37349.032775878906,120809.16052246094,81002.39440917969,4225.029235839844,33403068416,8589930496,6302240768,0
200,1759429820432,4402,800,4301,3499,4301,4400,4359,4395,4398,4307,800,3202,0,5,4.761904716491699,0,0,0,0,0,5,0,4.761904716491699,0,37349.30975341797,120809.63916015625,81002.61486816406,4225.029235839844,33403068416,8589930496,6300631040,0
200,1759429820632,4402,800,4301,3499,4301,4400,4359,4395,4398,4307,800,3202,0,0,2.5641026496887207,0,0,0,0,2.5,0,5,0,2.5,37349.59619140625,120810.42858886719,81003.11462402344,4225.029235839844,33403068416,8589930496,6300631040,0
200,1759429820833,4402,800,4301,3499,4301,4400,4359,4395,4398,4307,800,3202,5,0,5,0,4.761904716491699,9.523809432983398,0,5,0,9.523809432983398,5.263157844543457,0,37349.90887451172,120811.90802001953,81004.265625,4225.0528564453125,33403068416,8589930496,6311645184,0
200,1759429821033,4402,800,4301,3499,4301,4400,4359,4395,4398,4307,800,3202,5,0,5,0,4.761904716491699,9.523809432983398,0,5,0,9.523809432983398,5.263157844543457,0,37350.207275390625,120812.48211669922,81004.53857421875,4225.056457519531,33403068416,8589930496,6303387648,0
200,1759429821233,4402,800,4301,3499,4301,4400,4359,4395,4398,4307,800,3202,2.5641026496887207,0,5,4.878048419952393,0,0,5,0,2.6315789222717285,0,12.5,0,37350.477111816406,120812.93151855469,81004.73504638672,4225.056457519531,33403068416,8589930496,6300160000,0
200,1759429821433,4402,800,4301,3499,4301,4400,4359,4395,4398,4307,800,3202,2.5641026496887207,0,5,4.878048419952393,0,0,5,0,2.6315789222717285,0,12.5,0,37350.80828857422,120814.63098144531,81006.05267333984,4225.125244140625,33403068416,8589930496,6305140736,0
200,1759429821634,4402,800,4301,3499,4301,4400,4359,4395,4398,4307,800,3202,7.317072868347168,5,2.5,0,0,2.5,0,2.5641026496887207,5,2.5641026496887207,2.5641026496887207,0,37351.085205078125,120815.06103515625,81006.22717285156,4225.125244140625,33403068416,8589930496,6304911360,0
199,1759429821834,4402,800,4301,3499,4301,4400,4359,4395,4398,4307,800,3202,0,4.761904716491699,0,0,0,0,0,0,0,0,0,0,37351.35632324219,120815.51397705078,81006.42547607422,4225.125244140625,33403068416,8589930496,6304911360,0
200,1759429822034,4402,800,4301,3499,4301,4400,4359,4395,4398,4307,800,3202,0,4.761904716491699,0,0,0,0,0,0,0,0,0,0,37351.72961425781,120818.93811035156,81009.33795166016,4225.306335449219,33403068416,8589930496,6331011072,0
199,1759429822234,4402,800,4301,3499,4301,4400,4359,4395,4398,4307,800,3202,2.6315789222717285,2.6315789222717285,10.256410598754883,5.128205299377441,4.878048419952393,7.692307949066162,4.878048419952393,2.5,7.692307949066162,0,35,0,37352.038513183594,120819.57781982422,81009.63201904297,4225.351501464844,33403068416,8589930496,6329573376,0
199,1759429822434,4402,800,4301,3499,4301,4400,4359,4395,4398,4307,800,3202,25,38.095237731933594,9.523809432983398,5,5,35,35,20,35,35,85,35,37352.46014404297,120826.79223632813,81016.55853271484,4225.351501464844,33403068416,8589930496,6338228224,0
200,1759429822634,4402,800,4301,3499,4301,4400,4359,4395,4398,4307,800,3202,25,42.105262756347656,15.789472579956055,5,21.052631378173828,45,45,15.789472579956055,20,33.333335876464844,100,45,37352.96228027344,120835.37292480469,81024.68383789063,4225.351501464844,33403068416,8589930496,6338736128,0
200,1759429822834,4402,800,4301,3499,4301,4400,4359,4395,4398,4307,800,3202,0,5,0,0,10,5,10,9.523809432983398,5.263157844543457,5,100,5,37353.35400390625,120840.47149658203,81029.43395996094,4225.351501464844,33403068416,8589930496,6339223552,0
200,1759429823034,4402,800,4301,3499,4301,4400,4359,4395,4398,4307,800,3202,0,5,0,4.761904716491699,5,5,5.263157844543457,5,9.523809432983398,0,100,10,37353.73455810547,120845.82293701172,81034.43585205078,4225.358459472656,33403068416,8589930496,6339997696,0
199,1759429823234,4402,800,4301,3499,4301,4400,4359,4395,4398,4307,800,3202,5,9.523809432983398,10,5,4.761904716491699,9.523809432983398,5,10,0,5,85,0,37354.17492675781,120851.18115234375,81039.19189453125,4225.587646484375,33403068416,8589930496,6342782976,0
200,1759429823434,4402,800,4301,3499,4301,4400,4359,4395,4398,4307,800,3202,5,9.523809432983398,10,5,4.761904716491699,9.523809432983398,5,10,0,5,85,0,37354.60534667969,120855.51879882813,81042.60260009766,4226.140625,33403068416,8589930496,6347333632,0
200,1759429823634,4402,800,4301,3499,4301,4400,4359,4395,4398,4307,800,3202,7.500000476837158,10.526315689086914,5,5.128205299377441,2.5641026496887207,0,5,2.6315789222717285,2.4390242099761963,5,28.205129623413086,9.756096839904785,37355.01184082031,120859.38073730469,81045.68249511719,4226.569519042969,33403068416,8589930496,6347579392,0
200,1759429823834,4402,800,4301,3499,4301,4400,4359,4395,4398,4307,800,3202,0,0,5.263157844543457,5,5,0,0,5,0,10,23.809524536132813,5,37355.43280029297,120863.01953125,81048.54315185547,4226.9644775390625,33403068416,8589930496,6347321344,0
200,1759429824035,4402,800,4301,3499,4301,4400,4359,4395,4398,4307,800,3202,0,9.523809432983398,5,0,4.761904716491699,0,0,5.263157844543457,4.761904716491699,5,5.263157844543457,5,37355.77307128906,120865.3120727539,81050.33013916016,4227.126403808594,33403068416,8589930496,6343233536,0
200,1759429824235,4402,800,4301,3499,4301,4400,4359,4395,4398,4307,800,3202,0,0,5,0,0,0,0,0,5,5,5,0,37356.07580566406,120867.68908691406,81052.3080444336,4227.216491699219,33403068416,8589930496,6342803456,0
200,1759429824435,4402,800,4301,3499,4301,4400,4359,4395,4398,4307,800,3202,0,0,5.263157844543457,5,0,4.761904716491699,0,10,0,5.263157844543457,10,0,37356.37951660156,120870.36932373047,81054.54595947266,4227.319396972656,33403068416,8589930496,6336376832,0
200,1759429824635,4402,800,4301,3499,4301,4400,4359,4395,4398,4307,800,3202,0,5,10,0,0,0,0,0,5.263157844543457,5,0,0,37356.65661621094,120872.37139892578,81056.16943359375,4227.4024658203125,33403068416,8589930496,6336225280,0
200,1759429824835,4402,800,4301,3499,4301,4400,4359,4395,4398,4307,800,3202,0,0,5,0,0,0,0,0,0,9.523809432983398,0,0,37356.936584472656,120874.22192382813,81057.63098144531,4227.486633300781,33403068416,8589930496,6336192512,0
200,1759429825035,4402,800,4301,3499,4301,4400,4359,4395,4398,4307,800,3202,4.761904716491699,0,10,0,0,0,0,5,0,5,0,0,37357.21643066406,120876.05181884766,81059.04608154297,4227.580139160156,33403068416,8589930496,6336417792,0
199,1759429825235,4402,800,4301,3499,4301,4400,4359,4395,4398,4307,800,3202,0,5,5,0,0,0,0,5.263157844543457,0,0,0,0,37357.494079589844,120877.78399658203,81060.36853027344,4227.673645019531,33403068416,8589930496,6328295424,0
200,1759429825435,4402,800,4301,3499,4301,4400,4359,4395,4398,4307,800,3202,0,5,5,0,0,0,0,5.263157844543457,0,0,0,0,37357.770568847656,120879.60827636719,81061.787109375,4227.7686767578125,33403068416,8589930496,6328426496,0
200,1759429825635,4402,800,4301,3499,4301,4400,4359,4395,4398,4307,800,3202,0,2.5641026496887207,7.500000476837158,2.5,0,0,0,2.702702760696411,2.4390242099761963,5,32.5,2.4390242099761963,37358.09069824219,120883.84216308594,81065.60418701172,4227.865173339844,33403068416,8589930496,6323142656,0
200,1759429825835,4402,800,4301,3499,4301,4400,4359,4395,4398,4307,800,3202,25,25,15.789472579956055,23.809524536132813,21.052631378173828,25,25,10,11.111111640930176,25,90,15.000000953674316,37358.552307128906,120891.01965332031,81072.32824707031,4227.957458496094,33403068416,8589930496,6325035008,0
200,1759429826035,4402,800,4301,3499,4301,4400,4359,4395,4398,4307,800,3202,42.105262756347656,60.000003814697266,100,50,55,40,55,5.555555820465088,38.095237731933594,50,47.36842346191406,31.57894515991211,37359.136962890625,120901.09564208984,81081.88452148438,4228.0535888671875,33403068416,8589930496,6326177792,0
199,1759429826235,4402,800,4301,3499,4301,4400,4359,4395,4398,4307,800,3202,4.761904716491699,0,68.42105102539063,5,10,0,10,5,4.761904716491699,5,5,0,37359.50988769531,120904.82159423828,81085.17901611328,4228.138427734375,33403068416,8589930496,6326059008,0
199,1759429826436,4402,800,4301,3499,4301,4400,4359,4395,4398,4307,800,3202,0,0,52.38095474243164,0,0,0,5,0,0,0,0,0,37359.82568359375,120906.22546386719,81086.25158691406,4228.162414550781,33403068416,8589930496,6326059008,0
200,1759429826636,4402,800,4301,3499,4301,4400,4359,4395,4398,4307,800,3202,0,0,52.38095474243164,0,0,0,5,0,0,0,0,0,37360.132873535156,120907.12744140625,81086.83331298828,4228.184020996094,33403068416,8589930496,6326599680,0
200,1759429826836,4402,800,4301,3499,4301,4400,4359,4395,4398,4307,800,3202,0,0,30.76923179626465,0,5,0,4.878048419952393,0,2.5,2.5641026496887207,0,0,37360.457458496094,120908.41784667969,81087.78283691406,4228.219909667969,33403068416,8589930496,6326599680,0
200,1759429827036,4402,800,4301,3499,4301,4400,4359,4395,4398,4307,800,3202,0,0,50,4.761904716491699,5,0,0,9.523809432983398,0,0,0,4.761904716491699,37360.77587890625,120909.89074707031,81088.92987060547,4228.2474365234375,33403068416,8589930496,6326845440,0
200,1759429827236,4402,800,4301,3499,4301,4400,4359,4395,4398,4307,800,3202,0,0,30.000001907348633,0,0,0,0,0,0,0,4.761904716491699,0,37361.065002441406,120911.27038574219,81090.0170288086,4228.2508544921875,33403068416,8589930496,6326845440,0
199,1759429827436,4402,800,4301,3499,4301,4400,4359,4395,4398,4307,800,3202,0,0,40,4.761904716491699,5,0,0,5,0,0,0,0,37361.38653564453,120912.63977050781,81091.04498291016,4228.2823486328125,33403068416,8589930496,6326845440,0
199,1759429827636,4402,800,4301,3499,4301,4400,4359,4395,4398,4307,800,3202,5,0,35,0,5,0,0,0,5,4.761904716491699,0,0,37361.70837402344,120914.5005493164,81092.57580566406,4228.311767578125,33403068416,8589930496,6319333376,0
199,1759429827836,4402,800,4301,3499,4301,4400,4359,4395,4398,4307,800,3202,5,0,35,0,5,0,0,0,5,4.761904716491699,0,0,37362.02850341797,120916.34771728516,81094.08728027344,4228.346008300781,33403068416,8589930496,6319833088,0
200,1759429828036,4402,800,4301,3499,4301,4400,4359,4395,4398,4307,800,3202,0,0,45,2.5,2.5,0,0,2.5641026496887207,4.878048419952393,2.5,4.878048419952393,0,37362.342224121094,120917.8012084961,81095.19171142578,4228.395690917969,33403068416,8589930496,6319833088,0
200,1759429828237,4402,800,4301,3499,4301,4400,4359,4395,4398,4307,800,3202,5,0,63.15789031982422,5,0,4.761904716491699,5,5,0,4.761904716491699,4.761904716491699,0,37362.68585205078,120919.62176513672,81096.62322998047,4228.451599121094,33403068416,8589930496,6319833088,0
200,1759429828437,4402,800,4301,3499,4301,4400,4359,4395,4398,4307,800,3202,4.761904716491699,0,10,0,0,0,0,0,0,0,0,0,37363.001953125,120920.7685546875,81097.44079589844,4228.483642578125,33403068416,8589930496,6319833088,0
199,1759429828637,4402,800,4301,3499,4301,4400,4359,4395,4398,4307,800,3202,0,4.761904716491699,40,10,0,0,0,0,0,0,0,4.761904716491699,37363.315490722656,120921.34539794922,81097.67041015625,4228.5264892578125,33403068416,8589930496,6318596096,0
200,1759429828837,4402,800,4301,3499,4301,4400,4359,4395,4398,4307,800,3202,0,4.761904716491699,40,10,0,0,0,0,0,0,0,4.761904716491699,37363.66564941406,120925.37078857422,81101.3189086914,4228.572448730469,33403068416,8589930496,6318841856,0
199,1759429829037,4402,800,4301,3499,4301,4400,4359,4395,4398,4307,800,3202,4.878048419952393,0,47.5,2.5641026496887207,0,2.5641026496887207,0,5,0,4.878048419952393,4.878048419952393,2.5,37363.98828125,120926.52911376953,81102.13067626953,4228.6092529296875,33403068416,8589930496,6314016768,0
199,1759429829237,4402,800,4301,3499,4301,4400,4359,4395,4398,4307,800,3202,4.878048419952393,0,47.5,2.5641026496887207,0,2.5641026496887207,0,5,0,4.878048419952393,4.878048419952393,2.5,37364.31213378906,120927.86767578125,81103.11804199219,4228.643005371094,33403068416,8589930496,6314016768,0
199,1759429829437,4402,800,4301,3499,4301,4400,4359,4395,4398,4307,800,3202,2.5641026496887207,2.5,51.219512939453125,0,2.5,2.5,2.5,0,4.878048419952393,0,0,0,37364.646911621094,120930.25268554688,81105.16162109375,4228.676025390625,33403068416,8589930496,6312247296,0
200,1759429829637,4402,800,4301,3499,4301,4400,4359,4395,4398,4307,800,3202,2.5641026496887207,2.5,51.219512939453125,0,2.5,2.5,2.5,0,4.878048419952393,0,0,0,37364.95495605469,120930.74230957031,81105.33270263672,4228.6939697265625,33403068416,8589930496,6308577280,0
200,1759429829838,4402,800,4301,3499,4301,4400,4359,4395,4398,4307,800,3202,2.5,0,41.02564239501953,0,0,5,5,2.5,0,4.878048419952393,2.5,0,37365.272521972656,120932.08801269531,81106.35070800781,4228.724060058594,33403068416,8589930496,6308823040,0
200,1759429830038,4402,800,4301,3499,4301,4400,4359,4395,4398,4307,800,3202,2.5,0,41.02564239501953,0,0,5,5,2.5,0,4.878048419952393,2.5,0,37365.60009765625,120933.45471191406,81107.37091064453,4228.758361816406,33403068416,8589930496,6308564992,0
200,1759429830238,4402,800,4301,3499,4301,4400,4359,4395,4398,4307,800,3202,2.5641026496887207,0,46.34146499633789,0,0,2.5,2.5,5,0,0,2.5,0,37365.922302246094,120935.35137939453,81108.93798828125,4228.790344238281,33403068416,8589930496,6308564992,0
199,1759429830438,4402,800,4301,3499,4301,4400,4359,4395,4398,4307,800,3202,14.285715103149414,4.761904716491699,55,4.761904716491699,0,4.761904716491699,5,0,4.761904716491699,0,4.761904716491699,4.761904716491699,37366.26202392578,120936.95587158203,81110.18328857422,4228.825134277344,33403068416,8589930496,6305902592,0
200,1759429830638,4402,800,4301,3499,4301,4400,4359,4395,4398,4307,800,3202,14.285715103149414,4.761904716491699,55,4.761904716491699,0,4.761904716491699,5,0,4.761904716491699,0,4.761904716491699,4.761904716491699,37366.590759277344,120937.5337524414,81110.41943359375,4228.853759765625,33403068416,8589930496,6298206208,0
200,1759429830838,4402,800,4301,3499,4301,4400,4359,4395,4398,4307,800,3202,10.256410598754883,0,0,2.6315789222717285,2.5,2.5641026496887207,56.41025924682617,2.4390242099761963,2.5,2.5641026496887207,2.5641026496887207,2.5,37366.91357421875,120938.98760986328,81111.52880859375,4228.885559082031,33403068416,8589930496,6298206208,0
200,1759429831038,4402,800,4301,3499,4301,4400,4359,4395,4398,4307,800,3202,0,0,0,0,0,9.523809432983398,50,0,0,0,0,0,37367.2392578125,120940.45587158203,81112.64556884766,4228.924499511719,33403068416,8589930496,6298206208,0
200,1759429831239,4402,800,4301,3499,4301,4400,4359,4395,4398,4307,800,3202,0,0,0,0,0,0,50,0,0,4.761904716491699,4.761904716491699,0,37367.55163574219,120941.73828125,81113.60327148438,4228.947021484375,33403068416,8589930496,6298206208,0
200,1759429831439,4402,800,4301,3499,4301,4400,4359,4395,4398,4307,800,3202,0,0,5,9.523809432983398,5,5,35,5,4.761904716491699,0,9.523809432983398,0,37367.87634277344,120942.41137695313,81113.95056152344,4228.974792480469,33403068416,8589930496,6290178048,0
200,1759429831639,4402,800,4301,3499,4301,4400,4359,4395,4398,4307,800,3202,5,0,0,0,4.761904716491699,0,4.761904716491699,0,0,0,47.36842346191406,0,37368.18017578125,120943.48669433594,81114.71099853516,4228.988464355469,33403068416,8589930496,6290407424,0
199,1759429831839,4402,800,4301,3499,4301,4400,4359,4395,4398,4307,800,3202,0,0,0,0,0,0,0,0,0,0,50,0,37368.474060058594,120944.54638671875,81115.47271728516,4228.996643066406,33403068416,8589930496,6289481728,0
200,1759429832039,4402,800,4301,3499,4301,4400,4359,4395,4398,4307,800,3202,0,0,0,0,0,0,0,0,0,0,50,0,37368.79943847656,120946.02587890625,81116.59869384766,4229.034973144531,33403068416,8589930496,6289481728,0
199,1759429832239,4402,800,4301,3499,4301,4400,4359,4395,4398,4307,800,3202,2.5,2.5,0,2.5,0,2.4390242099761963,0,0,0,0,55,0,37369.10388183594,120947.19445800781,81117.45043945313,4229.051818847656,33403068416,8589930496,6289727488,0
199,1759429832439,4402,800,4301,3499,4301,4400,4359,4395,4398,4307,800,3202,2.5,2.5,0,2.5,0,2.4390242099761963,0,0,0,0,55,0,37369.4287109375,120948.26165771484,81118.18957519531,4229.0787353515625,33403068416,8589930496,6287740928,0
200,1759429832639,4402,800,4301,3499,4301,4400,4359,4395,4398,4307,800,3202,2.5641026496887207,2.5,2.5,2.5,2.4390242099761963,2.5,2.5,2.5,4.878048419952393,2.5,32.5,2.4390242099761963,37369.740661621094,120949.77313232422,81119.38299560547,4229.100769042969,33403068416,8589930496,6287503360,0
200,1759429832840,4402,800,4301,3499,4301,4400,4359,4395,4398,4307,800,3202,5,0,0,5,0,0,0,0,5,0,40,0,37370.06573486328,120950.67864990234,81119.93487548828,4229.134826660156,33403068416,8589930496,6287241216,0
200,1759429833040,4402,800,4301,3499,4301,4400,4359,4395,4398,4307,800,3202,0,0,0,0,0,9.090909004211426,0,0,0,0,55,0,37370.39123535156,120953.4515991211,81122.36602783203,4229.1651611328125,33403068416,8589930496,6287486976,0
199,1759429833240,4402,800,4301,3499,4301,4400,4359,4395,4398,4307,800,3202,5,5,9.090909004211426,9.523809432983398,4.761904716491699,0,4.761904716491699,0,0,9.523809432983398,47.36842346191406,5,37370.725341796875,120955.6103515625,81124.1683959961,4229.200988769531,33403068416,8589930496,6287486976,0
200,1759429833440,4402,800,4301,3499,4301,4400,4359,4395,4398,4307,800,3202,5,5,9.090909004211426,9.523809432983398,4.761904716491699,0,4.761904716491699,0,0,9.523809432983398,47.36842346191406,5,37371.05114746094,120956.67779541016,81124.9077758789,4229.235900878906,33403068416,8589930496,6285795328,0
200,1759429833640,4402,800,4301,3499,4301,4400,4359,4395,4398,4307,800,3202,2.6315789222717285,0,2.5,2.5641026496887207,0,5,0,2.5,4.878048419952393,2.5,37.5,0,37371.36981201172,120958.1820678711,81126.06451416016,4229.265930175781,33403068416,8589930496,6285795328,0
200,1759429833840,4402,800,4301,3499,4301,4400,4359,4395,4398,4307,800,3202,0,5,0,4.761904716491699,0,0,0,4.761904716491699,0,0,40,0,37371.70251464844,120960.2671508789,81127.79620361328,4229.3045654296875,33403068416,8589930496,6286041088,0
199,1759429834040,4402,800,4301,3499,4301,4400,4359,4395,4398,4307,800,3202,5,0,0,5,0,5,0,5,0,4.761904716491699,26.3157901763916,0,37372.026916503906,120961.32806396484,81128.51171875,4229.349426269531,33403068416,8589930496,6286041088,0
200,1759429834240,4402,800,4301,3499,4301,4400,4359,4395,4398,4307,800,3202,5,0,0,5,0,5,0,5,0,4.761904716491699,26.3157901763916,0,37372.344177246094,120963.72827148438,81130.58911132813,4229.365295410156,33403068416,8589930496,6286041088,0
199,1759429834440,4402,800,4301,3499,4301,4400,4359,4395,4398,4307,800,3202,5,0,2.5,2.5,0,0,4.878048419952393,0,0,0,52.499996185302734,0,37372.658752441406,120964.65954589844,81131.19287109375,4229.393249511719,33403068416,8589930496,6284496896,0
200,1759429834640,4402,800,4301,3499,4301,4400,4359,4395,4398,4307,800,3202,0,0,0,0,31.57894515991211,4.761904716491699,0,0,0,0,0,0,37372.962951660156,120966.27514648438,81132.49304199219,4229.409973144531,33403068416,8589930496,6280011776,0
200,1759429834841,4402,800,4301,3499,4301,4400,4359,4395,4398,4307,800,3202,0,0,0,0,30.000001907348633,5,0,0,0,0,0,4.761904716491699,37373.28350830078,120968.32946777344,81134.21319580078,4229.439880371094,33403068416,8589930496,6280011776,0
200,1759429835041,4402,800,4301,3499,4301,4400,4359,4395,4398,4307,800,3202,5,0,0,4.761904716491699,40,0,0,5,4.761904716491699,5,4.761904716491699,0,37373.62664794922,120970.48974609375,81136.0166015625,4229.4840087890625,33403068416,8589930496,6283599872,0
200,1759429835241,4402,800,4301,3499,4301,4400,4359,4395,4398,4307,800,3202,5,0,0,0,25,0,5,0,0,0,0,0,37373.92565917969,120971.54516601563,81136.7650756836,4229.5,33403068416,8589930496,6283599872,0
200,1759429835441,4402,800,4301,3499,4301,4400,4359,4395,4398,4307,800,3202,0,0,0,5,20,10,0,0,0,0,4.545454502105713,0,37374.24755859375,120973.09399414063,81137.98272705078,4229.531555175781,33403068416,8589930496,6283722752,0
199,1759429835641,4402,800,4301,3499,4301,4400,4359,4395,4398,4307,800,3202,0,0,0,0,0,57.894737243652344,0,0,5,0,0,0,37374.57733154297,120975.99810791016,81140.54217529297,4229.563232421875,33403068416,8589930496,6269878272,0
199,1759429835841,4402,800,4301,3499,4301,4400,4359,4395,4398,4307,800,3202,10,5,0,5,0,35,5,5,0,5,0,5,37374.901123046875,120976.9898071289,81141.19732666016,4229.592712402344,33403068416,8589930496,6268538880,0
200,1759429836041,4402,800,4301,3499,4301,4400,4359,4395,4398,4307,800,3202,10,5,0,5,0,35,5,5,0,5,0,5,37375.22802734375,120978.73669433594,81142.6000366211,4229.6304931640625,33403068416,8589930496,6268538880,0
200,1759429836241,4402,800,4301,3499,4301,4400,4359,4395,4398,4307,800,3202,2.5,0,0,0,0,45,4.878048419952393,0,4.878048419952393,0,2.5,0,37375.54431152344,120980.71337890625,81144.25079345703,4229.6536865234375,33403068416,8589930496,6268538880,0
199,1759429836442,4402,800,4301,3499,4301,4400,4359,4395,4398,4307,800,3202,5,0,0,4.761904716491699,0,26.3157901763916,0,0,0,0,0,0,37375.875244140625,120982.50146484375,81145.68353271484,4229.693786621094,33403068416,8589930496,6268538880,0
200,1759429836642,4402,800,4301,3499,4301,4400,4359,4395,4398,4307,800,3202,5,0,0,4.761904716491699,0,26.3157901763916,0,0,0,0,0,0,37376.19763183594,120984.34552001953,81147.20568847656,4229.71728515625,33403068416,8589930496,6268538880,0
199,1759429836842,4402,800,4301,3499,4301,4400,4359,4395,4398,4307,800,3202,2.5641026496887207,0,2.5,2.5641026496887207,2.4390242099761963,55,2.5,2.5,0,2.5,0,0,37376.513671875,120985.81176757813,81148.32598876953,4229.740966796875,33403068416,8589930496,6268538880,0
199,1759429837042,4402,800,4301,3499,4301,4400,4359,4395,4398,4307,800,3202,9.523809432983398,0,0,5,0,45,0,0,0,0,5,0,37376.83953857422,120987.62774658203,81149.78979492188,4229.7762451171875,33403068416,8589930496,6268538880,0
199,1759429837242,4402,800,4301,3499,4301,4400,4359,4395,4398,4307,800,3202,9.523809432983398,0,0,5,0,45,0,0,0,0,5,0,37377.154235839844,120989.40612792969,81151.23706054688,4229.800476074219,33403068416,8589930496,6268538880,0
200,1759429837442,4402,800,4301,3499,4301,4400,4359,4395,4398,4307,800,3202,0,0,0,2.5,2.4390242099761963,55,0,4.878048419952393,5,0,0,0,37377.490966796875,120991.3345336914,81152.77941894531,4229.884582519531,33403068416,8589930496,6268280832,0
199,1759429837642,4402,800,4301,3499,4301,4400,4359,4395,4398,4307,800,3202,5,0,0,5,5,25,0,0,4.761904716491699,0,4.761904716491699,0,37377.83038330078,120993.48919677734,81154.38879394531,4230.078430175781,33403068416,8589930496,6271660032,0
200,1759429837842,4402,800,4301,3499,4301,4400,4359,4395,4398,4307,800,3202,5,0,0,5,5,25,0,0,4.761904716491699,0,4.761904716491699,0,37378.12390136719,120994.74786376953,81155.3642578125,4230.08740234375,33403068416,8589930496,6271660032,0
200,1759429838042,4402,800,4301,3499,4301,4400,4359,4395,4398,4307,800,3202,2.5,2.4390242099761963,0,0,0,22.5,0,0,0,0,2.5641026496887207,25,37378.45544433594,120997.12091064453,81157.37231445313,4230.127868652344,33403068416,8589930496,6271401984,0
200,1759429838242,4402,800,4301,3499,4301,4400,4359,4395,4398,4307,800,3202,0,5,0,0,5,4.761904716491699,9.523809432983398,0,0,0,0,38.095237731933594,37378.77069091797,120998.59759521484,81158.52801513672,4230.153991699219,33403068416,8589930496,6271401984,0
199,1759429838443,4402,800,4301,3499,4301,4400,4359,4395,4398,4307,800,3202,4.761904716491699,0,4.761904716491699,0,0,0,0,5,0,5,0,36.842105865478516,37379.09698486328,121000.224609375,81159.81311035156,4230.1796875,33403068416,8589930496,6271684608,0
200,1759429838643,4402,800,4301,3499,4301,4400,4359,4395,4398,4307,800,3202,4.761904716491699,0,4.761904716491699,0,0,0,0,5,0,5,0,36.842105865478516,37379.41564941406,121001.76672363281,81161.02563476563,4230.193908691406,33403068416,8589930496,6271684608,0
200,1759429838843,4402,800,4301,3499,4301,4400,4359,4395,4398,4307,800,3202,2.6315789222717285,2.5,5.128205299377441,2.5,0,0,0,0,0,5,2.5,40,37379.733459472656,121003.12585449219,81162.06341552734,4230.200988769531,33403068416,8589930496,6271684608,0
200,1759429839043,4402,800,4301,3499,4301,4400,4359,4395,4398,4307,800,3202,4.761904716491699,0,0,0,0,0,4.761904716491699,4.761904716491699,0,0,0,57.894737243652344,37380.07110595703,121006.29498291016,81164.86822509766,4230.244812011719,33403068416,8589930496,6271684608,0
200,1759429839243,4402,800,4301,3499,4301,4400,4359,4395,4398,4307,800,3202,0,0,5,5,9.523809432983398,0,0,0,5,0,0,47.619049072265625,37380.39471435547,121008.29956054688,81166.5400390625,4230.2698974609375,33403068416,8589930496,6271684608,0
200,1759429839443,4402,800,4301,3499,4301,4400,4359,4395,4398,4307,800,3202,5,5,0,0,0,0,5,5,0,9.523809432983398,0,55.55555725097656,37380.70782470703,121010.07122802734,81167.98046875,4230.286682128906,33403068416,8589930496,6272647168,0
200,1759429839643,4402,800,4301,3499,4301,4400,4359,4395,4398,4307,800,3202,5,0,9.523809432983398,0,0,0,0,5,4.761904716491699,5,5,30.000001907348633,37381.021423339844,121010.79724121094,81168.39031982422,4230.302673339844,33403068416,8589930496,6272647168,0
200,1759429839844,4402,800,4301,3499,4301,4400,4359,4395,4398,4307,800,3202,0,4.761904716491699,0,0,5,4.761904716491699,5,0,0,0,0,47.619049072265625,37381.338623046875,121012.58618164063,81169.84442138672,4230.328308105469,33403068416,8589930496,6273421312,0
200,1759429840044,4402,800,4301,3499,4301,4400,4359,4395,4398,4307,800,3202,0,0,0,0,4.761904716491699,0,0,0,0,5,0,80,37381.649475097656,121014.8715209961,81171.80895996094,4230.3480224609375,33403068416,8589930496,6273421312,0
200,1759429840244,4402,800,4301,3499,4301,4400,4359,4395,4398,4307,800,3202,0,10,5.263157844543457,4.761904716491699,11.111111640930176,0,5.263157844543457,0,5.882352828979492,5,5,44.4444465637207,37382.08807373047,121018.6586303711,81175.03643798828,4230.530700683594,33403068416,8589930496,6301536256,0
199,1759429840444,4402,800,4301,3499,4301,4400,4359,4395,4398,4307,800,3202,0,5,9.523809432983398,0,13.636363983154297,5,4.761904716491699,0,0,5,0,50,37382.486083984375,121022.64514160156,81178.4878540039,4230.696228027344,33403068416,8589930496,6318284800,0
199,1759429840644,4402,800,4301,3499,4301,4400,4359,4395,4398,4307,800,3202,0,5,0,0,0,5,0,5,5.555555820465088,5,4.761904716491699,55.55555725097656,37382.80438232422,121024.818359375,81180.31866455078,4230.719299316406,33403068416,8589930496,6318284800,0
200,1759429840844,4402,800,4301,3499,4301,4400,4359,4395,4398,4307,800,3202,0,5,0,0,0,5,0,5,5.555555820465088,5,4.761904716491699,55.55555725097656,37383.170166015625,121027.07495117188,81182.17364501953,4230.779235839844,33403068416,8589930496,6318530560,0
199,1759429841044,4402,800,4301,3499,4301,4400,4359,4395,4398,4307,800,3202,2.5,5.128205299377441,5,7.317072868347168,40,4.878048419952393,2.5,0,7.692307949066162,2.5,2.5,20,37383.50323486328,121028.8568725586,81183.5971069336,4230.819152832031,33403068416,8589930496,6318788608,0
200,1759429841244,4402,800,4301,3499,4301,4400,4359,4395,4398,4307,800,3202,2.5,5.128205299377441,5,7.317072868347168,40,4.878048419952393,2.5,0,7.692307949066162,2.5,2.5,20,37383.84100341797,121030.9574584961,81185.33795166016,4230.861572265625,33403068416,8589930496,6318788608,0
199,1759429841445,4402,800,4301,3499,4301,4400,4359,4395,4398,4307,800,3202,0,2.5641026496887207,7.317072868347168,2.5,52.499996185302734,5,0,0,2.702702760696411,2.5641026496887207,0,2.5641026496887207,37384.186096191406,121033.46905517578,81187.48791503906,4230.891357421875,33403068416,8589930496,6319288320,0
200,1759429841645,4402,800,4301,3499,4301,4400,4359,4395,4398,4307,800,3202,0,2.5641026496887207,7.317072868347168,2.5,52.499996185302734,5,0,0,2.702702760696411,2.5641026496887207,0,2.5641026496887207,37384.5341796875,121035.82696533203,81189.48748779297,4230.9300537109375,33403068416,8589930496,6320132096,0
200,1759429841845,4402,800,4301,3499,4301,4400,4359,4395,4398,4307,800,3202,12.5,34.14634323120117,5.263157844543457,28.205129623413086,30.76923179626465,20.512821197509766,30.000001907348633,32.5,10.526315689086914,22.5,30.76923179626465,64.10256958007813,37385.04071044922,121044.15008544922,81197.40600585938,4230.974914550781,33403068416,8589930496,6320934912,0
200,1759429842045,4402,800,4301,3499,4301,4400,4359,4395,4398,4307,800,3202,9.523809432983398,0,5,5.263157844543457,10.526315689086914,14.285715103149414,21.052631378173828,45,11.111111640930176,20,10.526315689086914,0,37385.46112060547,121047.12817382813,81199.97619628906,4230.999694824219,33403068416,8589930496,6320676864,0
200,1759429842245,4402,800,4301,3499,4301,4400,4359,4395,4398,4307,800,3202,9.523809432983398,0,5,5.263157844543457,10.526315689086914,14.285715103149414,21.052631378173828,45,11.111111640930176,20,10.526315689086914,0,37385.794982910156,121049.36932373047,81201.85772705078,4231.036193847656,33403068416,8589930496,6321164288,0
200,1759429842445,4402,800,4301,3499,4301,4400,4359,4395,4398,4307,800,3202,2.5641026496887207,2.5,4.878048419952393,7.317072868347168,2.5,0,2.5,48.71794891357422,0,0,0,2.5641026496887207,37386.13983154297,121052.57165527344,81204.6826171875,4231.077453613281,33403068416,8589930496,6334382080,0
199,1759429842646,4402,800,4301,3499,4301,4400,4359,4395,4398,4307,800,3202,0,5,0,0,0,5,0,35,23.809524536132813,9.523809432983398,0,5.263157844543457,37386.49768066406,121055.80047607422,81207.53295898438,4231.119445800781,33403068416,8589930496,6334341120,0
200,1759429842846,4402,800,4301,3499,4301,4400,4359,4395,4398,4307,800,3202,0,5,0,0,0,5,0,35,23.809524536132813,9.523809432983398,0,5.263157844543457,37386.81982421875,121057.57904052734,81208.982421875,4231.140808105469,33403068416,8589930496,6334341120,0
199,1759429843046,4402,800,4301,3499,4301,4400,4359,4395,4398,4307,800,3202,5,2.5,2.5,4.878048419952393,4.878048419952393,2.5,2.5,40,5.405405521392822,2.4390242099761963,0,2.6315789222717285,37387.15002441406,121058.38543701172,81209.43621826172,4231.180603027344,33403068416,8589930496,6334341120,0
200,1759429843246,4402,800,4301,3499,4301,4400,4359,4395,4398,4307,800,3202,5,2.5,2.5,4.878048419952393,4.878048419952393,2.5,2.5,40,5.405405521392822,2.4390242099761963,0,2.6315789222717285,37387.47216796875,121061.32019042969,81212.0415649414,4231.205627441406,33403068416,8589930496,6334341120,0
199,1759429843446,4402,800,4301,3499,4301,4400,4359,4395,4398,4307,800,3202,45,2.5,5,0,0,2.5641026496887207,4.878048419952393,0,2.5641026496887207,0,2.4390242099761963,7.142857551574707,37387.87316894531,121064.76306152344,81214.84582519531,4231.4803466796875,33403068416,8589930496,6334025728,0
200,1759429843646,4402,800,4301,3499,4301,4400,4359,4395,4398,4307,800,3202,80,15.000000953674316,0,0,0,0,0,0,0,0,0,4.761904716491699,37388.19775390625,121067.55438232422,81217.31384277344,4231.49755859375,33403068416,8589930496,6334017536,0
199,1759429843846,4402,800,4301,3499,4301,4400,4359,4395,4398,4307,800,3202,25,0,0,5,4.761904716491699,5,4.761904716491699,4.761904716491699,5,10.526315689086914,0,0,37388.519104003906,121069.47576904297,81218.90283203125,4231.517517089844,33403068416,8589930496,6337630208,0
199,1759429844046,4402,800,4301,3499,4301,4400,4359,4395,4398,4307,800,3202,25,0,0,5,4.761904716491699,5,4.761904716491699,4.761904716491699,5,10.526315689086914,0,0,37388.80975341797,121070.22821044922,81219.36346435547,4231.5294189453125,33403068416,8589930496,6337630208,0
199,1759429844247,4402,800,4301,3499,4301,4400,4359,4395,4398,4307,800,3202,12.820513725280762,0,4.878048419952393,2.5,0,0,2.5641026496887207,2.5,2.5,2.5,0,2.5641026496887207,37389.09509277344,121070.69171142578,81219.55157470703,4231.536865234375,33403068416,8589930496,6337630208,0
199,1759429844446,4402,800,4301,3499,4301,4400,4359,4395,4398,4307,800,3202,12.820513725280762,0,4.878048419952393,2.5,0,0,2.5641026496887207,2.5,2.5,2.5,0,2.5641026496887207,37389.395446777344,121072.38739013672,81220.94592285156,4231.543762207031,33403068416,8589930496,6337630208,0
200,1759429844646,4402,800,4301,3499,4301,4400,4359,4395,4398,4307,800,3202,82.92682647705078,2.5,5,0,0,4.878048419952393,5,2.5,2.5641026496887207,2.4390242099761963,2.5,0,37389.742614746094,121077.6103515625,81225.83880615234,4231.543762207031,33403068416,8589930496,6337888256,0
200,1759429844847,4402,800,4301,3499,4301,4400,4359,4395,4398,4307,800,3202,100,10,10,9.090909004211426,4.761904716491699,5,0,5.263157844543457,10,5.263157844543457,5,0,37390.155029296875,121083.35247802734,81231.21911621094,4231.555480957031,33403068416,8589930496,6335455232,0
199,1759429845047,4402,800,4301,3499,4301,4400,4359,4395,4398,4307,800,3202,26.3157901763916,5.263157844543457,20,5.263157844543457,5.263157844543457,25,15.789472579956055,31.57894515991211,0,0,5,5,37390.550048828125,121084.63739013672,81231.9750366211,4231.721984863281,33403068416,8589930496,6335143936,0
199,1759429845247,4402,800,4301,3499,4301,4400,4359,4395,4398,4307,800,3202,45,5.263157844543457,21.052631378173828,25,5.263157844543457,10.526315689086914,15.000000953674316,5,15.000000953674316,9.523809432983398,5.555555820465088,5,37390.912841796875,121085.49743652344,81232.39672851563,4231.829284667969,33403068416,8589930496,6334832640,0
200,1759429845447,4402,800,4301,3499,4301,4400,4359,4395,4398,4307,800,3202,45,5.263157844543457,21.052631378173828,25,5.263157844543457,10.526315689086914,15.000000953674316,5,15.000000953674316,9.523809432983398,5.555555820465088,5,37391.350158691406,121089.98419189453,81236.44995117188,4231.939636230469,33403068416,8589930496,6333353984,0
200,1759429845647,4402,800,4301,3499,4301,4400,4359,4395,4398,4307,800,3202,35,17.948719024658203,32.5,50,39.02438735961914,36.585365295410156,25.641027450561523,44.73684310913086,20.512821197509766,41.02564239501953,21.428571701049805,31.57894515991211,37391.89276123047,121097.61340332031,81243.52917480469,4232.046447753906,33403068416,8589930496,6333870080,0
200,1759429845847,4402,800,4301,3499,4301,4400,4359,4395,4398,4307,800,3202,35,17.948719024658203,32.5,50,39.02438735961914,36.585365295410156,25.641027450561523,44.73684310913086,20.512821197509766,41.02564239501953,21.428571701049805,31.57894515991211,37392.27996826172,121099.17413330078,81244.58215332031,4232.216613769531,33403068416,8589930496,6334099456,0
199,1759429846047,4402,800,4301,3499,4301,4400,4359,4395,4398,4307,800,3202,23.076923370361328,2.4390242099761963,17.5,7.500000476837158,2.5,0,10,5.128205299377441,17.5,15.000000953674316,7.692307949066162,12.195121765136719,37392.65270996094,121100.8139038086,81245.71661376953,4232.3790283203125,33403068416,8589930496,6335266816,0
200,1759429846247,4402,800,4301,3499,4301,4400,4359,4395,4398,4307,800,3202,5.263157844543457,0,52.6315803527832,10.526315689086914,0,0,10.526315689086914,5.555555820465088,35,25,5,15.789472579956055,37393.014587402344,121101.58294677734,81246.0551147461,4232.478454589844,33403068416,8589930496,6336016384,0
199,1759429846448,4402,800,4301,3499,4301,4400,4359,4395,4398,4307,800,3202,0,0,23.809524536132813,15.000000953674316,4.761904716491699,0,10,0,0,15.789472579956055,0,10,37393.3203125,121102.10821533203,81246.26623535156,4232.5054931640625,33403068416,8589930496,6335102976,0
200,1759429846648,4402,800,4301,3499,4301,4400,4359,4395,4398,4307,800,3202,9.090909004211426,0,5,9.523809432983398,0,0,0,0,19.047618865966797,4.761904716491699,5,0,37393.60729980469,121102.50341796875,81246.38928222656,4232.5111083984375,33403068416,8589930496,6327988224,0
200,1759429846848,4402,800,4301,3499,4301,4400,4359,4395,4398,4307,800,3202,0,0,0,0,0,0,0,4.761904716491699,10.526315689086914,0,4.761904716491699,0,37393.89147949219,121102.89099121094,81246.5107421875,4232.516418457031,33403068416,8589930496,6327988224,0
200,1759429847048,4402,800,4301,3499,4301,4400,4359,4395,4398,4307,800,3202,0,0,0,5,0,0,0,0,0,0,0,0,37394.17059326172,121103.30340576172,81246.66040039063,4232.520202636719,33403068416,8589930496,6327988224,0
199,1759429847248,4402,800,4301,3499,4301,4400,4359,4395,4398,4307,800,3202,0,0,0,0,0,0,0,0,0,4.761904716491699,0,5,37394.43859863281,121103.63214111328,81246.74920654297,4232.520202636719,33403068416,8589930496,6327988224,0
199,1759429847448,4402,800,4301,3499,4301,4400,4359,4395,4398,4307,800,3202,0,0,0,5,0,0,0,0,5,0,0,4.761904716491699,37394.715576171875,121103.994140625,81246.85321044922,4232.527099609375,33403068416,8589930496,6327046144,0
199,1759429847649,4402,800,4301,3499,4301,4400,4359,4395,4398,4307,800,3202,0,0,0,0,0,0,0,0,0,0,0,0,37394.98718261719,121104.48052978516,81247.08135986328,4232.527099609375,33403068416,8589930496,6326673408,0
200,1759429847849,4402,800,4301,3499,4301,4400,4359,4395,4398,4307,800,3202,0,0,0,0,0,0,0,0,0,0,0,0,37395.27130126953,121105.16760253906,81247.49548339844,4232.534912109375,33403068416,8589930496,6326374400,0
199,1759429848049,4402,800,4301,3499,4301,4400,4359,4395,4398,4307,800,3202,0,2.5,0,7.317072868347168,0,2.4390242099761963,2.5,0,10.256410598754883,4.878048419952393,5,0,37395.561279296875,121105.58135986328,81247.62414550781,4232.546630859375,33403068416,8589930496,6326374400,0
200,1759429848249,4402,800,4301,3499,4301,4400,4359,4395,4398,4307,800,3202,0,0,0,0,0,0,0,4.761904716491699,10,0,4.761904716491699,0,37395.857482910156,121106.40454101563,81248.15997314453,4232.560791015625,33403068416,8589930496,6326374400,0
199,1759429848449,4402,800,4301,3499,4301,4400,4359,4395,4398,4307,800,3202,0,0,4.761904716491699,5,0,0,0,0,35,5,5,0,37396.1494140625,121107.89099121094,81249.35662841797,4232.568054199219,33403068416,8589930496,6325366784,0
199,1759429848649,4402,800,4301,3499,4301,4400,4359,4395,4398,4307,800,3202,0,0,0,5,5,4.761904716491699,5,0,55,5.263157844543457,0,5,37396.460021972656,121108.82080078125,81249.97283935547,4232.5792236328125,33403068416,8589930496,6306320384,0
200,1759429848849,4402,800,4301,3499,4301,4400,4359,4395,4398,4307,800,3202,5,9.090909004211426,0,4.761904716491699,0,5,0,0,10.526315689086914,0,9.523809432983398,0,37396.74609375,121109.5376586914,81250.40435791016,4232.585754394531,33403068416,8589930496,6306320384,0
200,1759429849050,4402,800,4301,3499,4301,4400,4359,4395,4398,4307,800,3202,5,9.090909004211426,0,4.761904716491699,0,5,0,0,10.526315689086914,0,9.523809432983398,0,37397.01892089844,121109.97790527344,81250.58508300781,4232.590148925781,33403068416,8589930496,6306320384,0
200,1759429849250,4402,800,4301,3499,4301,4400,4359,4395,4398,4307,800,3202,0,0,0,0,2.4390242099761963,0,2.4390242099761963,0,2.5,0,0,0,37397.286682128906,121110.39080810547,81250.75164794922,4232.590148925781,33403068416,8589930496,6306320384,0
199,1759429849450,4402,800,4301,3499,4301,4400,4359,4395,4398,4307,800,3202,0,0,0,0,5,0,0,0,4.761904716491699,0,0,0,37397.560119628906,121110.89373779297,81250.99621582031,4232.59912109375,33403068416,8589930496,6304768000,0
199,1759429849650,4402,800,4301,3499,4301,4400,4359,4395,4398,4307,800,3202,0,0,4.761904716491699,0,0,0,0,0,0,0,0,0,37397.828857421875,121111.36444091797,81251.21020507813,4232.59912109375,33403068416,8589930496,6304768000,0
200,1759429849850,4402,800,4301,3499,4301,4400,4359,4395,4398,4307,800,3202,0,0,4.761904716491699,0,0,0,0,0,0,0,0,0,37398.09930419922,121112.31628417969,81251.92449951172,4232.59912109375,33403068416,8589930496,6304768000,0
200,1759429850050,4402,800,4301,3499,4301,4400,4359,4395,4398,4307,800,3202,0,0,2.3809523582458496,5,0,0,2.5,0,22.5,2.4390242099761963,0,2.4390242099761963,37398.3876953125,121113.2894897461,81252.59063720703,4232.608703613281,33403068416,8589930496,6285033472,0
200,1759429850251,4402,800,4301,3499,4301,4400,4359,4395,4398,4307,800,3202,0,0,0,0,0,0,0,0,10.526315689086914,0,0,0,37398.66076660156,121114.10638427734,81253.1396484375,4232.608703613281,33403068416,8589930496,6285033472,0
200,1759429850451,4402,800,4301,3499,4301,4400,4359,4395,4398,4307,800,3202,0,0,0,0,0,0,0,0,0,0,0,0,37398.9296875,121114.51525878906,81253.29650878906,4232.608703613281,33403068416,8589930496,6284648448,0
200,1759429850651,4402,800,4301,3499,4301,4400,4359,4395,4398,4307,800,3202,0,0,0,5,0,0,0,0,0,0,0,0,37399.20251464844,121114.9287109375,81253.45306396484,4232.612487792969,33403068416,8589930496,6277165056,0
200,1759429850851,4402,800,4301,3499,4301,4400,4359,4395,4398,4307,800,3202,0,0,0,5,0,0,0,0,0,0,0,0,37399.49060058594,121115.90447998047,81254.14416503906,4232.62109375,33403068416,8589930496,6278971392,0
199,1759429851051,4402,800,4301,3499,4301,4400,4359,4395,4398,4307,800,3202,0,0,2.5,2.5,2.5,2.5,0,2.4390242099761963,5.128205299377441,2.4390242099761963,2.5,2.4390242099761963,37399.776794433594,121116.6176147461,81254.58312988281,4232.6329345703125,33403068416,8589930496,6278971392,0
200,1759429851252,4402,800,4301,3499,4301,4400,4359,4395,4398,4307,800,3202,0,0,0,0,0,0,0,0,0,0,4.761904716491699,0,37400.04577636719,121117.0453491211,81254.76416015625,4232.6329345703125,33403068416,8589930496,6278971392,0
199,1759429851452,4402,800,4301,3499,4301,4400,4359,4395,4398,4307,800,3202,0,0,0,0,0,0,0,0,4.761904716491699,0,0,0,37400.31494140625,121117.44793701172,81254.91314697266,4232.6329345703125,33403068416,8589930496,6278971392,0
200,1759429851652,4402,800,4301,3499,4301,4400,4359,4395,4398,4307,800,3202,0,0,0,0,0,0,0,0,4.761904716491699,0,0,0,37400.591369628906,121117.921875,81255.12170410156,4232.641662597656,33403068416,8589930496,6278946816,0
199,1759429851852,4402,800,4301,3499,4301,4400,4359,4395,4398,4307,800,3202,0,2.5,0,2.5,0,0,2.4390242099761963,0,5,0,0,2.5,37400.86260986328,121118.3949584961,81255.33605957031,4232.641662597656,33403068416,8589930496,6278946816,0
199,1759429852052,4402,800,4301,3499,4301,4400,4359,4395,4398,4307,800,3202,0,0,0,4.761904716491699,0,0,0,0,0,5,0,0,37401.151123046875,121119.32098388672,81255.97375488281,4232.65478515625,33403068416,8589930496,6278049792,0
200,1759429852252,4402,800,4301,3499,4301,4400,4359,4395,4398,4307,800,3202,0,4.761904716491699,0,0,0,0,0,4.761904716491699,5,0,0,0,37401.441162109375,121120.05010986328,81256.4165649414,4232.6722412109375,33403068416,8589930496,6278049792,0
199,1759429852452,4402,800,4301,3499,4301,4400,4359,4395,4398,4307,800,3202,0,0,0,0,0,0,0,0,5,0,5,0,37401.71350097656,121120.54608154297,81256.65948486328,4232.6722412109375,33403068416,8589930496,6275588096,0
200,1759429852653,4402,800,4301,3499,4301,4400,4359,4395,4398,4307,800,3202,4.761904716491699,0,0,0,0,0,0,0,10.526315689086914,5,4.761904716491699,0,37402.008728027344,121121.63775634766,81257.4585571289,4232.681640625,33403068416,8589930496,6280462336,0
200,1759429852853,4402,800,4301,3499,4301,4400,4359,4395,4398,4307,800,3202,5,5,4.761904716491699,0,0,0,0,0,10,0,0,0,37402.301696777344,121122.35137939453,81257.8853149414,4232.697021484375,33403068416,8589930496,6280462336,0
200,1759429853053,4402,800,4301,3499,4301,4400,4359,4395,4398,4307,800,3202,0,0,0,5,0,4.761904716491699,4.761904716491699,0,5,4.761904716491699,0,5,37402.588623046875,121123.09564208984,81258.35217285156,4232.708557128906,33403068416,8589930496,6280462336,0
200,1759429853253,4402,800,4301,3499,4301,4400,4359,4395,4398,4307,800,3202,0,0,0,5,0,4.761904716491699,4.761904716491699,0,5,4.761904716491699,0,5,37402.88800048828,121123.705078125,81258.65643310547,4232.7235107421875,33403068416,8589930496,6280011776,0
199,1759429853453,4402,800,4301,3499,4301,4400,4359,4395,4398,4307,800,3202,0,2.5,0,5,5,0,0,5,20.512821197509766,2.6315789222717285,5,4.761904716491699,37403.17102050781,121124.13171386719,81258.81329345703,4232.7303466796875,33403068416,8589930496,6280011776,0
200,1759429853653,4402,800,4301,3499,4301,4400,4359,4395,4398,4307,800,3202,0,2.5,0,5,5,0,0,5,20.512821197509766,2.6315789222717285,5,4.761904716491699,37403.44128417969,121124.6596069336,81259.087890625,4232.7303466796875,33403068416,8589930496,6280458240,0
200,1759429853854,4402,800,4301,3499,4301,4400,4359,4395,4398,4307,800,3202,0,2.5,0,0,0,0,0,2.5,7.500000476837158,2.4390242099761963,2.5,0,37403.73645019531,121125.49877929688,81259.6396484375,4232.745422363281,33403068416,8589930496,6280458240,0
199,1759429854054,4402,800,4301,3499,4301,4400,4359,4395,4398,4307,800,3202,0,0,0,0,0,4.761904716491699,4.761904716491699,0,0,0,0,0,37404.013122558594,121125.99017333984,81259.86535644531,4232.750732421875,33403068416,8589930496,6280458240,0
200,1759429854254,4402,800,4301,3499,4301,4400,4359,4395,4398,4307,800,3202,5,0,0,5,0,5,0,0,20,5,5,0,37404.313415527344,121126.72393798828,81260.30279541016,4232.7647705078125,33403068416,8589930496,6281138176,0
200,1759429854454,4402,800,4301,3499,4301,4400,4359,4395,4398,4307,800,3202,5,0,0,5,0,5,0,0,20,5,5,0,37404.59875488281,121127.37316894531,81260.68133544922,4232.7723388671875,33403068416,8589930496,6281138176,0
199,1759429854654,4402,800,4301,3499,4301,4400,4359,4395,4398,4307,800,3202,0,0,0,2.5,0,0,2.5,0,5,0,2.5641026496887207,2.4390242099761963,37404.88623046875,121128.12957763672,81261.15478515625,4232.779296875,33403068416,8589930496,6281138176,0
200,1759429854854,4402,800,4301,3499,4301,4400,4359,4395,4398,4307,800,3202,0,0,0,2.5,0,0,2.5,0,5,0,2.5641026496887207,2.4390242099761963,37405.168701171875,121128.6743774414,81261.46166992188,4232.7860107421875,33403068416,8589930496,6281138176,0
199,1759429855055,4402,800,4301,3499,4301,4400,4359,4395,4398,4307,800,3202,0,2.5,0,0,2.5,4.878048419952393,0,0,23.076923370361328,5,4.878048419952393,0,37405.47424316406,121130.28741455078,81262.7279663086,4232.806823730469,33403068416,8589930496,6281138176,0
200,1759429855255,4402,800,4301,3499,4301,4400,4359,4395,4398,4307,800,3202,4.761904716491699,0,0,5,0,0,4.761904716491699,0,47.36842346191406,0,0,5,37405.77899169922,121131.78503417969,81263.90545654297,4232.824462890625,33403068416,8589930496,6280716288,0
200,1759429855455,4402,800,4301,3499,4301,4400,4359,4395,4398,4307,800,3202,0,5,0,0,4.761904716491699,0,0,0,5,5,0,5,37406.06329345703,121132.31921386719,81264.17297363281,4232.831787109375,33403068416,8589930496,6280704000,0
200,1759429855655,4402,800,4301,3499,4301,4400,4359,4395,4398,4307,800,3202,0,0,0,5,0,0,0,0,4.761904716491699,4.761904716491699,0,0,37406.334228515625,121132.73016357422,81264.32556152344,4232.831787109375,33403068416,8589930496,6280511488,0
199,1759429855855,4402,800,4301,3499,4301,4400,4359,4395,4398,4307,800,3202,0,0,0,0,0,0,0,0,0,0,0,0,37406.60369873047,121133.1587524414,81264.50482177734,4232.831787109375,33403068416,8589930496,6280511488,0
200,1759429856055,4402,800,4301,3499,4301,4400,4359,4395,4398,4307,800,3202,0,0,0,0,0,0,0,0,0,0,0,0,37406.881103515625,121133.74890136719,81264.82373046875,4232.843505859375,33403068416,8589930496,6280511488,0
199,1759429856256,4402,800,4301,3499,4301,4400,4359,4395,4398,4307,800,3202,0,2.4390242099761963,0,2.5,0,0,0,0,2.5641026496887207,0,0,0,37407.16357421875,121134.38635253906,81265.19274902344,4232.851623535156,33403068416,8589930496,6280511488,0
200,1759429856456,4402,800,4301,3499,4301,4400,4359,4395,4398,4307,800,3202,0,0,0,4.761904716491699,0,0,0,4.761904716491699,0,0,0,0,37407.432189941406,121134.7476196289,81265.3090209961,4232.851623535156,33403068416,8589930496,6280495104,0
200,1759429856656,4402,800,4301,3499,4301,4400,4359,4395,4398,4307,800,3202,0,0,0,0,0,4.761904716491699,10,0,0,5,4.761904716491699,0,37407.716552734375,121135.37487792969,81265.66510009766,4232.858154296875,33403068416,8589930496,6280429568,0
200,1759429856856,4402,800,4301,3499,4301,4400,4359,4395,4398,4307,800,3202,0,0,0,0,0,4.761904716491699,10,0,0,5,4.761904716491699,0,37407.983947753906,121135.84057617188,81265.88470458984,4232.858154296875,33403068416,8589930496,6280429568,0
200,1759429857056,4402,800,4301,3499,4301,4400,4359,4395,4398,4307,800,3202,0,0,0,2.4390242099761963,0,0,0,0,0,0,0,0,37408.257385253906,121136.43341064453,81266.2138671875,4232.86328125,33403068416,8589930496,6280429568,0
200,1759429857256,4402,800,4301,3499,4301,4400,4359,4395,4398,4307,800,3202,5.263157844543457,5,4.761904716491699,0,0,0,25,5,19.047618865966797,5,10,0,37408.57891845703,121137.92999267578,81267.38208007813,4232.876647949219,33403068416,8589930496,6279553024,0
199,1759429857456,4402,800,4301,3499,4301,4400,4359,4395,4398,4307,800,3202,0,0,0,0,0,0,0,0,0,0,0,0,37408.856872558594,121138.40252685547,81267.59185791016,4232.876647949219,33403068416,8589930496,6279610368,0
199,1759429857656,4402,800,4301,3499,4301,4400,4359,4395,4398,4307,800,3202,0,0,0,0,0,0,0,0,0,0,0,0,37409.19104003906,121140.26831054688,81269.02166748047,4232.989562988281,33403068416,8589930496,6292885504,0
200,1759429857856,4402,800,4301,3499,4301,4400,4359,4395,4398,4307,800,3202,2.5,2.5,0,0,2.5,2.5641026496887207,12.195121765136719,2.5,2.941176414489746,10,5,2.777777910232544,37409.49853515625,121142.80883789063,81271.15631103516,4233.076477050781,33403068416,8589930496,6296772608,0
200,1759429858057,4402,800,4301,3499,4301,4400,4359,4395,4398,4307,800,3202,0,0,0,0,0,0,0,0,0,5,0,0,37409.77624511719,121144.27221679688,81272.31219482422,4233.0833740234375,33403068416,8589930496,6296772608,0
200,1759429858257,4402,800,4301,3499,4301,4400,4359,4395,4398,4307,800,3202,0,0,0,0,0,0,0,0,0,5,0,0,37410.04736328125,121144.6162109375,81272.40631103516,4233.0833740234375,33403068416,8589930496,6296772608,0
200,1759429858457,4402,800,4301,3499,4301,4400,4359,4395,4398,4307,800,3202,0,0,0,0,0,0,0,0,2.5,2.4390242099761963,0,2.4390242099761963,37410.32745361328,121145.03112792969,81272.56085205078,4233.090759277344,33403068416,8589930496,6296772608,0
200,1759429858657,4402,800,4301,3499,4301,4400,4359,4395,4398,4307,800,3202,0,0,0,0,0,0,0,0,2.5,2.4390242099761963,0,2.4390242099761963,37410.600036621094,121145.61059570313,81272.87377929688,4233.090759277344,33403068416,8589930496,6297137152,0
199,1759429858858,4402,800,4301,3499,4301,4400,4359,4395,4398,4307,800,3202,0,0,2.5,2.5,0,2.4390242099761963,0,0,2.5,0,0,0,37410.874450683594,121146.03192138672,81273.04205322266,4233.090759277344,33403068416,8589930496,6297137152,0
200,1759429859058,4402,800,4301,3499,4301,4400,4359,4395,4398,4307,800,3202,0,0,0,0,0,0,0,0,0,0,0,0,37411.15563964844,121146.47442626953,81273.21380615234,4233.099426269531,33403068416,8589930496,6297137152,0
200,1759429859258,4402,800,4301,3499,4301,4400,4359,4395,4398,4307,800,3202,0,0,0,0,0,0,4.761904716491699,0,5,0,0,0,37411.429931640625,121147.16888427734,81273.6488647461,4233.099426269531,33403068416,8589930496,6289944576,0
199,1759429859458,4402,800,4301,3499,4301,4400,4359,4395,4398,4307,800,3202,0,0,0,0,0,0,0,0,0,0,0,0,37411.69934082031,121147.52197265625,81273.75396728516,4233.099426269531,33403068416,8589930496,6289895424,0
199,1759429859659,4402,800,4301,3499,4301,4400,4359,4395,4398,4307,800,3202,0,0,0,5,0,0,0,0,0,0,9.090909004211426,0,37411.973388671875,121147.86596679688,81273.84954833984,4233.10107421875,33403068416,8589930496,6289895424,0
199,1759429859859,4402,800,4301,3499,4301,4400,4359,4395,4398,4307,800,3202,0,0,0,0,0,0,0,0,0,0,0,0,37412.24475097656,121148.20184326172,81273.94073486328,4233.10107421875,33403068416,8589930496,6289895424,0
200,1759429860059,4402,800,4301,3499,4301,4400,4359,4395,4398,4307,800,3202,0,0,0,0,0,0,0,0,0,0,0,0,37412.528381347656,121149.45025634766,81274.90698242188,4233.103942871094,33403068416,8589930496,6291902464,0
200,1759429860259,4402,800,4301,3499,4301,4400,4359,4395,4398,4307,800,3202,0,0,0,2.5,0,0,0,0,29.268291473388672,4.878048419952393,0,0,37412.8046875,121150.18237304688,81275.37756347656,4233.106994628906,33403068416,8589930496,6291783680,0
199,1759429860459,4402,800,4301,3499,4301,4400,4359,4395,4398,4307,800,3202,0,0,0,0,0,0,0,0,0,0,0,0,37413.07373046875,121150.54193115234,81275.49145507813,4233.106994628906,33403068416,8589930496,6292029440,0
199,1759429860660,4402,800,4301,3499,4301,4400,4359,4395,4398,4307,800,3202,0,0,0,5,0,0,0,0,0,0,0,0,37413.35040283203,121150.95428466797,81275.65319824219,4233.106994628906,33403068416,8589930496,6290407424,0
199,1759429860860,4402,800,4301,3499,4301,4400,4359,4395,4398,4307,800,3202,0,0,0,5,0,0,0,0,0,0,0,0,37413.626037597656,121151.30340576172,81275.7494506836,4233.10986328125,33403068416,8589930496,6290120704,0
200,1759429861060,4402,800,4301,3499,4301,4400,4359,4395,4398,4307,800,3202,2.4390242099761963,0,0,0,0,0,0,0,2.5,0,2.5,0,37413.89630126953,121151.67059326172,81275.869140625,4233.113098144531,33403068416,8589930496,6290120704,0
200,1759429861260,4402,800,4301,3499,4301,4400,4359,4395,4398,4307,800,3202,0,0,0,5,0,0,4.761904716491699,0,90,5,0,4.761904716491699,37414.22235107422,121156.16192626953,81280.04998779297,4233.113098144531,33403068416,8589930496,6290116608,0
200,1759429861460,4402,800,4301,3499,4301,4400,4359,4395,4398,4307,800,3202,0,5,5,0,14.285715103149414,9.523809432983398,5.263157844543457,10,100,5,5,0,37414.61242675781,121161.638671875,81285.18054199219,4233.113098144531,33403068416,8589930496,6290415616,0
200,1759429861660,4402,800,4301,3499,4301,4400,4359,4395,4398,4307,800,3202,0,0,5,0,0,5,4.761904716491699,0,100,0,5,0,37414.969177246094,121166.8994140625,81290.10876464844,4233.113098144531,33403068416,8589930496,6291107840,0
200,1759429861860,4402,800,4301,3499,4301,4400,4359,4395,4398,4307,800,3202,25,57.142860412597656,70,10,50,40,73.68421173095703,70,100,30.000001907348633,40,66.66667175292969,37415.51794433594,121178.00769042969,81300.83477783203,4233.113098144531,33403068416,8589930496,6291107840,0
199,1759429862060,4402,800,4301,3499,4301,4400,4359,4395,4398,4307,800,3202,0,14.285715103149414,0,10.526315689086914,5.263157844543457,15.000000953674316,23.809524536132813,20,80,10.526315689086914,20,0,37416.03308105469,121183.55432128906,81305.69604492188,4233.361267089844,33403068416,8589930496,6299746304,0
200,1759429862260,4402,800,4301,3499,4301,4400,4359,4395,4398,4307,800,3202,0,14.285715103149414,0,10.526315689086914,5.263157844543457,15.000000953674316,23.809524536132813,20,80,10.526315689086914,20,0,37416.47204589844,121185.89990234375,81307.29150390625,4233.761962890625,33403068416,8589930496,6289072128,0
200,1759429862460,4402,800,4301,3499,4301,4400,4359,4395,4398,4307,800,3202,7.500000476837158,0,0,7.142857551574707,10,10.256410598754883,13.1578950881958,2.5641026496887207,35.897438049316406,7.317072868347168,10,5.128205299377441,37416.90802001953,121187.98376464844,81308.80004882813,4233.9625244140625,33403068416,8589930496,6288302080,0
200,1759429862660,4402,800,4301,3499,4301,4400,4359,4395,4398,4307,800,3202,0,0,0,0,0,0,10,0,5,0,0,0,37417.2275390625,121190.23608398438,81310.59783935547,4234.076721191406,33403068416,8589930496,6292062208,0
199,1759429862861,4402,800,4301,3499,4301,4400,4359,4395,4398,4307,800,3202,5,0,0,0,9.523809432983398,15.000000953674316,10.526315689086914,0,4.761904716491699,0,0,0,37417.533142089844,121191.61206054688,81311.58892822266,4234.1507568359375,33403068416,8589930496,6292291584,0
200,1759429863061,4402,800,4301,3499,4301,4400,4359,4395,4398,4307,800,3202,0,0,0,0,5.263157844543457,27.77777862548828,14.285715103149414,0,0,0,14.285715103149414,9.523809432983398,37417.8310546875,121192.28466796875,81311.88800048828,4234.2091064453125,33403068416,8589930496,6291361792,0
199,1759429863261,4402,800,4301,3499,4301,4400,4359,4395,4398,4307,800,3202,5,4.761904716491699,0,5,10,15.000000953674316,36.842105865478516,5,10,9.523809432983398,10,0,37418.13720703125,121193.55432128906,81312.77160644531,4234.27880859375,33403068416,8589930496,6291804160,0
200,1759429863461,4402,800,4301,3499,4301,4400,4359,4395,4398,4307,800,3202,5,4.761904716491699,0,5,10,15.000000953674316,36.842105865478516,5,10,9.523809432983398,10,0,37418.504638671875,121198.65850830078,81317.47039794922,4234.35595703125,33403068416,8589930496,6292480000,0
200,1759429863661,4402,800,4301,3499,4301,4400,4359,4395,4398,4307,800,3202,7.692307949066162,5,42.5,7.500000476837158,7.500000476837158,7.692307949066162,60.000003814697266,5,5,2.4390242099761963,5.128205299377441,5,37418.934997558594,121204.31616210938,81322.68591308594,4234.440368652344,33403068416,8589930496,6289084416,0
200,1759429863861,4402,800,4301,3499,4301,4400,4359,4395,4398,4307,800,3202,9.523809432983398,0,100,0,0,0,0,0,0,5,0,0,37419.30969238281,121209.51348876953,81327.41662597656,4234.56591796875,33403068416,8589930496,6289342464,0
200,1759429864061,4402,800,4301,3499,4301,4400,4359,4395,4398,4307,800,3202,5.263157844543457,5,52.38095474243164,4.761904716491699,5,0,5,5,9.523809432983398,5,5,5,37419.660095214844,121212.64862060547,81330.18865966797,4234.6055908203125,33403068416,8589930496,6288510976,0
200,1759429864261,4402,800,4301,3499,4301,4400,4359,4395,4398,4307,800,3202,0,5,42.105262756347656,0,0,0,0,0,0,0,4.761904716491699,0,37419.97821044922,121213.90258789063,81331.11120605469,4234.638488769531,33403068416,8589930496,6288510976,0
200,1759429864461,4402,800,4301,3499,4301,4400,4359,4395,4398,4307,800,3202,0,9.523809432983398,55,5,0,4.761904716491699,0,0,0,0,0,0,37420.315856933594,121216.13000488281,81332.98071289063,4234.674499511719,33403068416,8589930496,6288769024,0
200,1759429864661,4402,800,4301,3499,4301,4400,4359,4395,4398,4307,800,3202,0,0,15.000000953674316,5,0,0,0,0,0,0,5,0,37420.63739013672,121217.25103759766,81333.76159667969,4234.7054443359375,33403068416,8589930496,6288416768,0
200,1759429864861,4402,800,4301,3499,4301,4400,4359,4395,4398,4307,800,3202,5,0,45,0,0,4.761904716491699,4.761904716491699,0,0,0,0,0,37420.94793701172,121218.65063476563,81334.83740234375,4234.72802734375,33403068416,8589930496,6288416768,0
199,1759429865062,4402,800,4301,3499,4301,4400,4359,4395,4398,4307,800,3202,0,0,42.105262756347656,0,0,0,0,0,0,0,0,0,37421.26965332031,121220.4521484375,81336.3080444336,4234.753173828125,33403068416,8589930496,6288715776,0
200,1759429865262,4402,800,4301,3499,4301,4400,4359,4395,4398,4307,800,3202,0,0,42.105262756347656,0,0,0,0,0,0,0,0,0,37421.61364746094,121223.12902832031,81338.63977050781,4234.7781982421875,33403068416,8589930496,6094614528,0
1,1759429865462,4402,800,4301,3499,4301,4400,4359,4395,4398,4307,800,3202,9.756096839904785,2.5641026496887207,17.5,7.317072868347168,2.5,0,5.128205299377441,2.5,24.390243530273438,2.5,5.128205299377441,5,37421.936279296875,121224.00006103516,81339.18347167969,4234.8017578125,33403068416,8589930496,5756321792,0
